{
  "controller/BaseController-dbg.js": 1690870740844,
  "Component.js": 1690777503937,
  "model/models.js": 1690777503945,
  "controller/Report.controller.js": 1691507740028,
  "controller/Create.controller.js": 1691506190526,
  "controller/BaseController.js": 1690870740844,
  "controller/App.controller.js": 1690777503949,
  "manifest.json": 1691507846203,
  "Component-preload.js": 1691507846535,
  "controller/Create-dbg.controller.js": 1691506190526,
  "controller/Report-dbg.controller.js": 1691507740028,
  "model/models-dbg.js": 1690777503945,
  "i18n/i18n.properties": 1690777514156,
  "controller/App-dbg.controller.js": 1690777503949,
  "Component-dbg.js": 1690777503937,
  "view/Report.view.xml": 1691506844570,
  "view/Create.view.xml": 1691506621027,
  "view/App.view.xml": 1691506383340,
  "fragment/Popover.fragment.xml": 1691507318682,
  "fragment/F4Help.fragment.xml": 1691407939067,
  "css/style.css": 1690873196345,
  "index.html": 1690777503937
}